<?xml version="1.0" encoding="iso-8859-1"?>
<?NLS TYPE="org.eclipse.help.toc"?>

<toc label="Freemarker Manual" link_to="freemarker-toc.xml#ManualLink">
   <topic label="Preface" href="docs/docs/preface.html"/>
   <topic label="I. Designer's Guide" href="docs/docs/dgui.html">
   <topic label="1. Quick Start" href="docs/docs/dgui_quickstart.html">
<topic label="Template + data model = output" href="docs/docs/dgui_quickstart_basics.html"/><topic label="The data model" href="docs/docs/dgui_quickstart_datamodel.html"/><topic label="The template" href="docs/docs/dgui_quickstart_template.html"/>   </topic>
   <topic label="2. The Data Model" href="docs/docs/dgui_datamodel.html">
<topic label="Basics" href="docs/docs/dgui_datamodel_basics.html"/><topic label="Scalar variables" href="docs/docs/dgui_datamodel_scalar.html"/><topic label="Hashes, sequences and collections" href="docs/docs/dgui_datamodel_hashandseq.html"/><topic label="Methods" href="docs/docs/dgui_datamodel_method.html"/><topic label="Macros and transforms" href="docs/docs/dgui_datamodel_transform.html"/><topic label="Nodes" href="docs/docs/dgui_datamodel_node.html"/>   </topic>
   <topic label="3. The Template" href="docs/docs/dgui_template.html">
<topic label="Overall structure" href="docs/docs/dgui_template_overallstructure.html"/><topic label="Directives" href="docs/docs/dgui_template_directives.html"/><topic label="Expressions" href="docs/docs/dgui_template_exp.html"/><topic label="Interpolations" href="docs/docs/dgui_template_valueinsertion.html"/>   </topic>
   <topic label="4. Miscellaneous" href="docs/docs/dgui_misc.html">
<topic label="Defining your own directives" href="docs/docs/dgui_misc_userdefdir.html"/><topic label="Defining variables in the template" href="docs/docs/dgui_misc_var.html"/><topic label="Namespaces" href="docs/docs/dgui_misc_namespace.html"/><topic label="White-space handling" href="docs/docs/dgui_misc_whitespace.html"/><topic label="Alternative (square bracket) syntax" href="docs/docs/dgui_misc_alternativesyntax.html"/>   </topic>
   </topic>
   <topic label="II. Programmer's Guide" href="docs/docs/pgui.html">
   <topic label="1. Quick Start" href="docs/docs/pgui_quickstart.html">
<topic label="Create a configuration instance" href="docs/docs/pgui_quickstart_createconfiguration.html"/><topic label="Create a data model" href="docs/docs/pgui_quickstart_createdatamodel.html"/><topic label="Get the template" href="docs/docs/pgui_quickstart_gettemplate.html"/><topic label="Merging the template with the data model" href="docs/docs/pgui_quickstart_merge.html"/><topic label="Putting all together" href="docs/docs/pgui_quickstart_all.html"/>   </topic>
   <topic label="2. The Data Model" href="docs/docs/pgui_datamodel.html">
<topic label="Basics" href="docs/docs/pgui_datamodel_basics.html"/><topic label="Scalars" href="docs/docs/pgui_datamodel_scalar.html"/><topic label="Containers" href="docs/docs/pgui_datamodel_parent.html"/><topic label="Methods" href="docs/docs/pgui_datamodel_method.html"/><topic label="Transforms" href="docs/docs/pgui_datamodel_transform.html"/><topic label="Node variables" href="docs/docs/pgui_datamodel_node.html"/><topic label="Object wrappers" href="docs/docs/pgui_datamodel_objectWrapper.html"/>   </topic>
   <topic label="3. The Configuration" href="docs/docs/pgui_config.html">
<topic label="Basics" href="docs/docs/pgui_config_basics.html"/><topic label="Shared variables" href="docs/docs/pgui_config_sharedvariables.html"/><topic label="Settings" href="docs/docs/pgui_config_settings.html"/><topic label="Template loading" href="docs/docs/pgui_config_templateloading.html"/><topic label="Error handling" href="docs/docs/pgui_config_errorhandling.html"/>   </topic>
   <topic label="4. Miscellaneous" href="docs/docs/pgui_misc.html">
<topic label="Variables" href="docs/docs/pgui_misc_var.html"/><topic label="Charset issues" href="docs/docs/pgui_misc_charset.html"/><topic label="Multithreading" href="docs/docs/pgui_misc_multithreading.html"/><topic label="Bean wrapper" href="docs/docs/pgui_misc_beanwrapper.html"/><topic label="Logging" href="docs/docs/pgui_misc_logging.html"/><topic label="Using FreeMarker with servlets" href="docs/docs/pgui_misc_servlet.html"/><topic label="Configuring security policy for FreeMarker" href="docs/docs/pgui_misc_secureenv.html"/><topic label="Legacy XML wrapper implementation" href="docs/docs/pgui_misc_xml_legacy.html"/><topic label="Using FreeMarker with Ant" href="docs/docs/pgui_misc_ant.html"/><topic label="Jython wrapper" href="docs/docs/pgui_misc_jythonwrapper.html"/>   </topic>
   </topic>
   <topic label="III. XML Processing Guide" href="docs/docs/xgui.html">
   <topic label="1. Preface" href="docs/docs/xgui_preface.html">
   </topic>
   <topic label="2. Exposing XML documents" href="docs/docs/xgui_expose.html">
<topic label="The DOM tree" href="docs/docs/xgui_expose_dom.html"/><topic label="Putting the XML into the data model" href="docs/docs/xgui_expose_put.html"/>   </topic>
   <topic label="3. Imperative XML processing" href="docs/docs/xgui_imperative.html">
<topic label="Learning by example" href="docs/docs/xgui_imperative_learn.html"/><topic label="Formal description" href="docs/docs/xgui_imperative_formal.html"/>   </topic>
   <topic label="4. Declarative XML Processing" href="docs/docs/xgui_declarative.html">
<topic label="Basics" href="docs/docs/xgui_declarative_basics.html"/><topic label="Details" href="docs/docs/xgui_declarative_details.html"/>   </topic>
   </topic>
   <topic label="IV. Reference" href="docs/docs/ref.html">
   <topic label="1. Built-in Reference" href="docs/docs/ref_builtins.html">
<topic label="Built-ins for strings" href="docs/docs/ref_builtins_string.html"/><topic label="Built-ins for numbers" href="docs/docs/ref_builtins_number.html"/><topic label="Built-ins for dates" href="docs/docs/ref_builtins_date.html"/><topic label="Built-ins for booleans" href="docs/docs/ref_builtins_boolean.html"/><topic label="Built-ins for sequences" href="docs/docs/ref_builtins_sequence.html"/><topic label="Built-ins for hashes" href="docs/docs/ref_builtins_hash.html"/><topic label="Built-ins for nodes (for XML)" href="docs/docs/ref_builtins_node.html"/><topic label="Seldom used and expert built-ins" href="docs/docs/ref_builtins_expert.html"/>   </topic>
   <topic label="2. Directive Reference" href="docs/docs/ref_directives.html">
<topic label="if, else, elseif" href="docs/docs/ref_directive_if.html"/><topic label="switch, case, default, break" href="docs/docs/ref_directive_switch.html"/><topic label="list, break" href="docs/docs/ref_directive_list.html"/><topic label="include" href="docs/docs/ref_directive_include.html"/><topic label="import" href="docs/docs/ref_directive_import.html"/><topic label="noparse" href="docs/docs/ref_directive_noparse.html"/><topic label="compress" href="docs/docs/ref_directive_compress.html"/><topic label="escape, noescape" href="docs/docs/ref_directive_escape.html"/><topic label="assign" href="docs/docs/ref_directive_assign.html"/><topic label="global" href="docs/docs/ref_directive_global.html"/><topic label="local" href="docs/docs/ref_directive_local.html"/><topic label="setting" href="docs/docs/ref_directive_setting.html"/><topic label="User-defined directive (&lt;@...&gt;)" href="docs/docs/ref_directive_userDefined.html"/><topic label="macro, nested, return" href="docs/docs/ref_directive_macro.html"/><topic label="function, return" href="docs/docs/ref_directive_function.html"/><topic label="flush" href="docs/docs/ref_directive_flush.html"/><topic label="stop" href="docs/docs/ref_directive_stop.html"/><topic label="ftl" href="docs/docs/ref_directive_ftl.html"/><topic label="t, lt, rt" href="docs/docs/ref_directive_t.html"/><topic label="nt" href="docs/docs/ref_directive_nt.html"/><topic label="attempt, recover" href="docs/docs/ref_directive_attempt.html"/><topic label="visit, recurse, fallback" href="docs/docs/ref_directive_visit.html"/>   </topic>
   <topic label="3. Interpolation Reference" href="docs/docs/ref_interpolations.html">
<topic label="${...}: Universal interpolation" href="docs/docs/ref_interpolation_universal.html"/><topic label="#{...}: Numerical interpolation" href="docs/docs/ref_interpolation_numerical.html"/>   </topic>
   <topic label="4. Special Variable Reference" href="docs/docs/ref_specvar.html">
   </topic>
   <topic label="5. Reserved names in FTL" href="docs/docs/ref_reservednames.html">
   </topic>
   <topic label="6. Deprecated FTL constructs" href="docs/docs/ref_deprecated.html">
<topic label="List of deprecated directives" href="docs/docs/ref_depr_directive.html"/><topic label="List of deprecated built-ins" href="docs/docs/ref_depr_builtin.html"/><topic label="Old-style macro and call directives" href="docs/docs/ref_depr_oldmacro.html"/><topic label="Transform directive" href="docs/docs/ref_depr_transform.html"/><topic label="Old FTL syntax" href="docs/docs/ref_depr_oldsyntax.html"/>   </topic>
   </topic>
   <topic label="V. Appendixes" href="docs/docs/app.html">
   <topic label="A. FAQ" href="docs/docs/app_faq.html">
   </topic>
   <topic label="B. Installing FreeMarker" href="docs/docs/app_install.html">
   </topic>
   <topic label="C. Building FreeMarker" href="docs/docs/app_build.html">
   </topic>
   <topic label="D. Versions" href="docs/docs/app_versions.html">
<topic label="2.3.8" href="docs/docs/versions_2_3_8.html"/><topic label="2.3.7" href="docs/docs/versions_2_3_7.html"/><topic label="2.3.7 RC1" href="docs/docs/versions_2_3_7rc1.html"/><topic label="2.3.6" href="docs/docs/versions_2_3_6.html"/><topic label="2.3.5" href="docs/docs/versions_2_3_5.html"/><topic label="2.3.4" href="docs/docs/versions_2_3_4.html"/><topic label="2.3.3" href="docs/docs/versions_2_3_3.html"/><topic label="2.3.2" href="docs/docs/versions_2_3_2.html"/><topic label="2.3.1" href="docs/docs/versions_2_3_1.html"/><topic label="2.3" href="docs/docs/versions_2_3.html"/><topic label="2.2.8" href="docs/docs/versions_2_2_8.html"/><topic label="2.2.7" href="docs/docs/versions_2_2_7.html"/><topic label="2.2.6" href="docs/docs/versions_2_2_6.html"/><topic label="2.2.5" href="docs/docs/versions_2_2_5.html"/><topic label="2.2.4" href="docs/docs/versions_2_2_4.html"/><topic label="2.2.3" href="docs/docs/versions_2_2_3.html"/><topic label="2.2.2" href="docs/docs/versions_2_2_2.html"/><topic label="2.2.1" href="docs/docs/versions_2_2_1.html"/><topic label="2.2" href="docs/docs/versions_2_2.html"/><topic label="2.1.5" href="docs/docs/versions_2_1_5.html"/><topic label="2.1.4" href="docs/docs/versions_2_1_4.html"/><topic label="2.1.3" href="docs/docs/versions_2_1_3.html"/><topic label="2.1.2" href="docs/docs/versions_2_1_2.html"/><topic label="2.1.1" href="docs/docs/versions_2_1_1.html"/><topic label="2.1" href="docs/docs/versions_2_1.html"/><topic label="2.01" href="docs/docs/versions_2_01.html"/><topic label="2.0" href="docs/docs/versions_2_0.html"/><topic label="2.0 RC3" href="docs/docs/versions_2_0RC3.html"/><topic label="2.0 RC2" href="docs/docs/versions_2_0RC2.html"/><topic label="2.0 RC1" href="docs/docs/versions_2_0RC1.html"/>   </topic>
   <topic label="E. License" href="docs/docs/app_license.html">
   </topic>
   </topic>
   <topic label="Glossary" href="docs/docs/gloss.html"/>
   <topic label="Index" href="docs/docs/alphaidx.html"/>
</toc>



